{
    "accuracy_top1": 0.9778056274256145,
    "accuracy_top2": 0.9978978007761966,
    "accuracy_top3": 0.999332956015524,
    "precision": 0.9778368626610854,
    "recall": 0.9778056274256145,
    "f1_score": 0.9777892105450806,
    "roc_auc": 0.9999286122213971,
    "loss": 0.07661501001209085,
    "accuracy_clean": 0.9778056274256145,
    "accuracy_noisy": 0.7002951164294955,
    "accuracy_missing": 0.41609395213454076
}