aa,rows,codon_options,test_rows,accuracy,weight,weighted_acc
A,12368,4,1856,0.96875,0.05555555555555555,0.05381944444444444
C,12368,2,1856,0.9827586206896551,0.05555555555555555,0.05459770114942528
D,12368,2,1856,0.9876077586206896,0.05555555555555555,0.05486709770114942
E,12368,2,1856,0.9838362068965517,0.05555555555555555,0.054657567049808425
F,12368,2,1856,0.990301724137931,0.05555555555555555,0.05501676245210728
G,12368,4,1856,0.9655172413793104,0.05555555555555555,0.05363984674329502
H,12368,2,1856,0.9881465517241379,0.05555555555555555,0.054897030651340994
I,12368,3,1856,0.9795258620689655,0.05555555555555555,0.054418103448275856
K,12368,2,1856,0.9795258620689655,0.05555555555555555,0.054418103448275856
L,12368,6,1856,0.9682112068965517,0.05555555555555555,0.05378951149425287
N,12368,2,1856,0.9908405172413793,0.05555555555555555,0.05504669540229885
P,12368,4,1856,0.9660560344827587,0.05555555555555555,0.05366977969348659
Q,12368,2,1856,0.9827586206896551,0.05555555555555555,0.05459770114942528
R,12368,6,1856,0.9585129310344828,0.05555555555555555,0.05325071839080459
S,12368,6,1856,0.9579741379310345,0.05555555555555555,0.053220785440613025
T,12368,4,1856,0.9682112068965517,0.05555555555555555,0.05378951149425287
V,12368,4,1856,0.9655172413793104,0.05555555555555555,0.05363984674329502
Y,12368,2,1856,0.9908405172413793,0.05555555555555555,0.05504669540229885
